project,bugsDetected,totalBugs,percentBugsDetected,reportsSubmit,totalReports,percentReportsSubmit,percentSavedEffort,F1,E1,optimalReportsSubmit,differenceWithOptimal
1-284-百度手机卫士功能体验_1463737109.csv,36.0,36.0,1.0,210.0,284.0,0.7394366197183099,0.2605633802816901,0.4134078212290503,0.4134078212290503,178.0,32.0,
146-252-鸟人测试_1463737707.csv,31.0,31.0,1.0,240.0,252.0,0.9523809523809523,0.04761904761904767,0.09090909090909101,0.09090909090909101,196.0,44.0,
2-471-百度浏览器T7尝鲜体验_1463737142.csv,58.0,58.0,1.0,450.0,471.0,0.9554140127388535,0.04458598726114649,0.08536585365853656,0.08536585365853656,397.0,53.0,
202-432-无线襄阳测试_1463737927.csv,53.0,54.0,0.9814814814814815,300.0,432.0,0.6944444444444444,0.3055555555555556,0.4660271782573941,0.4660271782573941,270.0,30.0,
213-416-bug经常直播内测版测试_1470654528.csv,49.0,51.0,0.9607843137254902,270.0,416.0,0.6490384615384616,0.35096153846153844,0.5141214516708588,0.5141214516708588,204.0,66.0,
217-288-bug大帮汇测试_1470654530.csv,34.0,36.0,0.9444444444444444,270.0,288.0,0.9375,0.0625,0.11724137931034483,0.11724137931034483,233.0,37.0,
223-395-bug喜马拉雅FM测试_1470654512.csv,42.0,42.0,1.0,390.0,395.0,0.9873417721518988,0.012658227848101222,0.02499999999999991,0.02499999999999991,305.0,85.0,
307-137-UONE_1463738088.csv,12.0,18.0,0.6666666666666666,120.0,137.0,0.8759124087591241,0.12408759124087587,0.20923076923076916,0.20923076923076916,117.0,3.0,
327-239-动起来测试_1463738068.csv,25.0,29.0,0.8620689655172413,180.0,239.0,0.7531380753138075,0.2468619246861925,0.3838147280770232,0.3838147280770232,214.0,-34.0,
