project,bugsDetected,totalBugs,percentBugsDetected,reportsSubmit,totalReports,percentReportsSubmit,percentSavedEffort,F1,E1,optimalReportsSubmit,differenceWithOptimal
1-284-百度手机卫士功能体验_1463737109.csv,32.0,36.0,0.8888888888888888,128.0,284.0,0.4507042253521127,0.5492957746478873,0.6789989118607181,0.6789989118607181,178.0,-50.0,
146-252-鸟人测试_1463737707.csv,12.0,31.0,0.3870967741935484,48.0,252.0,0.19047619047619047,0.8095238095238095,0.5237483953786907,0.5237483953786907,196.0,-148.0,
2-471-百度浏览器T7尝鲜体验_1463737142.csv,57.0,58.0,0.9827586206896551,432.0,471.0,0.9171974522292994,0.08280254777070062,0.15273626713387609,0.15273626713387609,397.0,35.0,
202-432-无线襄阳测试_1463737927.csv,47.0,54.0,0.8703703703703703,208.0,432.0,0.48148148148148145,0.5185185185185186,0.6498765432098766,0.6498765432098766,270.0,-62.0,
213-416-bug经常直播内测版测试_1470654528.csv,51.0,51.0,1.0,288.0,416.0,0.6923076923076923,0.3076923076923077,0.47058823529411764,0.47058823529411764,204.0,84.0,
217-288-bug大帮汇测试_1470654530.csv,11.0,36.0,0.3055555555555556,40.0,288.0,0.1388888888888889,0.8611111111111112,0.4510582010582011,0.4510582010582011,233.0,-193.0,
223-395-bug喜马拉雅FM测试_1470654512.csv,42.0,42.0,1.0,392.0,395.0,0.9924050632911392,0.0075949367088608,0.01507537688442219,0.01507537688442219,305.0,87.0,
307-137-UONE_1463738088.csv,14.0,18.0,0.7777777777777778,88.0,137.0,0.6423357664233577,0.35766423357664234,0.49000000000000005,0.49000000000000005,117.0,-29.0,
327-239-动起来测试_1463738068.csv,25.0,29.0,0.8620689655172413,120.0,239.0,0.502092050209205,0.497907949790795,0.6312327604498197,0.6312327604498197,214.0,-94.0,
