project,bugsDetected,totalBugs,percentBugsDetected,reportsSubmit,totalReports,percentReportsSubmit,percentSavedEffort,F1,E1,optimalReportsSubmit,differenceWithOptimal
1-284-百度手机卫士功能体验_1463737109.csv,12.0,36.0,0.3333333333333333,35.0,284.0,0.12323943661971831,0.8767605633802817,0.48302618816682835,0.48302618816682835,178.0,-143.0,
146-252-鸟人测试_1463737707.csv,12.0,31.0,0.3870967741935484,49.0,252.0,0.19444444444444445,0.8055555555555556,0.5229151014274982,0.5229151014274982,196.0,-147.0,
2-471-百度浏览器T7尝鲜体验_1463737142.csv,58.0,58.0,1.0,434.0,471.0,0.921443736730361,0.07855626326963905,0.14566929133858264,0.14566929133858264,397.0,37.0,
202-432-无线襄阳测试_1463737927.csv,47.0,54.0,0.8703703703703703,210.0,432.0,0.4861111111111111,0.5138888888888888,0.6462281679672984,0.6462281679672984,270.0,-60.0,
213-416-bug经常直播内测版测试_1470654528.csv,51.0,51.0,1.0,287.0,416.0,0.6899038461538461,0.31009615384615385,0.47339449541284406,0.47339449541284406,204.0,83.0,
217-288-bug大帮汇测试_1470654530.csv,35.0,36.0,0.9722222222222222,273.0,288.0,0.9479166666666666,0.05208333333333337,0.09887005649717522,0.09887005649717522,233.0,40.0,
223-395-bug喜马拉雅FM测试_1470654512.csv,6.0,42.0,0.14285714285714285,35.0,395.0,0.08860759493670886,0.9113924050632911,0.24699828473413377,0.24699828473413377,305.0,-270.0,
307-137-UONE_1463738088.csv,14.0,18.0,0.7777777777777778,91.0,137.0,0.6642335766423357,0.33576642335766427,0.46904588492352517,0.46904588492352517,117.0,-26.0,
327-239-动起来测试_1463738068.csv,24.0,29.0,0.8275862068965517,126.0,239.0,0.5271966527196653,0.4728033472803347,0.6017974037501387,0.6017974037501387,214.0,-88.0,
