project,bugsDetected,totalBugs,percentBugsDetected,reportsSubmit,totalReports,percentReportsSubmit,percentSavedEffort,F1,E1,optimalReportsSubmit,differenceWithOptimal
1-284-百度手机卫士功能体验_1463737109.csv,36.0,36.0,1.0,224.0,284.0,0.7887323943661971,0.21126760563380287,0.34883720930232565,0.34883720930232565,178.0,46.0,
146-252-鸟人测试_1463737707.csv,31.0,31.0,1.0,224.0,252.0,0.8888888888888888,0.11111111111111116,0.20000000000000007,0.20000000000000007,196.0,28.0,
2-471-百度浏览器T7尝鲜体验_1463737142.csv,58.0,58.0,1.0,448.0,471.0,0.9511677282377919,0.04883227176220806,0.09311740890688257,0.09311740890688257,397.0,51.0,
202-432-无线襄阳测试_1463737927.csv,53.0,54.0,0.9814814814814815,280.0,432.0,0.6481481481481481,0.35185185185185186,0.5180041152263374,0.5180041152263374,270.0,10.0,
213-416-bug经常直播内测版测试_1470654528.csv,50.0,51.0,0.9803921568627451,392.0,416.0,0.9423076923076923,0.05769230769230771,0.10897203051216858,0.10897203051216858,204.0,188.0,
217-288-bug大帮汇测试_1470654530.csv,32.0,36.0,0.8888888888888888,224.0,288.0,0.7777777777777778,0.2222222222222222,0.3555555555555555,0.3555555555555555,233.0,-9.0,
223-395-bug喜马拉雅FM测试_1470654512.csv,42.0,42.0,1.0,392.0,395.0,0.9924050632911392,0.0075949367088608,0.01507537688442219,0.01507537688442219,305.0,87.0,
307-137-UONE_1463738088.csv,12.0,18.0,0.6666666666666666,112.0,137.0,0.8175182481751825,0.18248175182481752,0.28653295128939826,0.28653295128939826,117.0,-5.0,
327-239-动起来测试_1463738068.csv,27.0,29.0,0.9310344827586207,196.0,239.0,0.8200836820083682,0.17991631799163177,0.3015584415584415,0.3015584415584415,214.0,-18.0,
