project,bugsDetected,totalBugs,percentBugsDetected,reportsSubmit,totalReports,percentReportsSubmit,percentSavedEffort,F1,E1,optimalReportsSubmit,differenceWithOptimal
1-284-百度手机卫士功能体验_1463737109.csv,32.0,36.0,0.8888888888888888,130.0,284.0,0.45774647887323944,0.5422535211267605,0.6735921268452706,0.6735921268452706,178.0,-48.0,
146-252-鸟人测试_1463737707.csv,12.0,31.0,0.3870967741935484,50.0,252.0,0.1984126984126984,0.8015873015873016,0.5220762438078829,0.5220762438078829,196.0,-146.0,
2-471-百度浏览器T7尝鲜体验_1463737142.csv,12.0,58.0,0.20689655172413793,50.0,471.0,0.10615711252653928,0.8938428874734607,0.33601596275357504,0.33601596275357504,397.0,-347.0,
202-432-无线襄阳测试_1463737927.csv,54.0,54.0,1.0,280.0,432.0,0.6481481481481481,0.35185185185185186,0.5205479452054794,0.5205479452054794,270.0,10.0,
213-416-bug经常直播内测版测试_1470654528.csv,51.0,51.0,1.0,320.0,416.0,0.7692307692307693,0.23076923076923073,0.3749999999999999,0.3749999999999999,204.0,116.0,
217-288-bug大帮汇测试_1470654530.csv,11.0,36.0,0.3055555555555556,50.0,288.0,0.1736111111111111,0.8263888888888888,0.4461486025903204,0.4461486025903204,233.0,-183.0,
223-395-bug喜马拉雅FM测试_1470654512.csv,42.0,42.0,1.0,390.0,395.0,0.9873417721518988,0.012658227848101222,0.02499999999999991,0.02499999999999991,305.0,85.0,
307-137-UONE_1463738088.csv,12.0,18.0,0.6666666666666666,70.0,137.0,0.5109489051094891,0.4890510948905109,0.5642105263157895,0.5642105263157895,117.0,-47.0,
327-239-动起来测试_1463738068.csv,25.0,29.0,0.8620689655172413,120.0,239.0,0.502092050209205,0.497907949790795,0.6312327604498197,0.6312327604498197,214.0,-94.0,
