project,bugsDetected,totalBugs,percentBugsDetected,reportsSubmit,totalReports,percentReportsSubmit,percentSavedEffort,F1,E1,optimalReportsSubmit,differenceWithOptimal
1-284-百度手机卫士功能体验_1463737109.csv,10.0,36.0,0.2777777777777778,30.0,284.0,0.1056338028169014,0.8943661971830986,0.4238985313751669,0.4238985313751669,178.0,-148.0,
146-252-鸟人测试_1463737707.csv,11.0,31.0,0.3548387096774194,40.0,252.0,0.15873015873015872,0.8412698412698413,0.4991438356164384,0.4991438356164384,196.0,-156.0,
2-471-百度浏览器T7尝鲜体验_1463737142.csv,58.0,58.0,1.0,435.0,471.0,0.9235668789808917,0.07643312101910826,0.1420118343195266,0.1420118343195266,397.0,38.0,
202-432-无线襄阳测试_1463737927.csv,48.0,54.0,0.8888888888888888,210.0,432.0,0.4861111111111111,0.5138888888888888,0.6512651265126512,0.6512651265126512,270.0,-60.0,
213-416-bug经常直播内测版测试_1470654528.csv,51.0,51.0,1.0,275.0,416.0,0.6610576923076923,0.3389423076923077,0.5062836624775584,0.5062836624775584,204.0,71.0,
217-288-bug大帮汇测试_1470654530.csv,34.0,36.0,0.9444444444444444,270.0,288.0,0.9375,0.0625,0.11724137931034483,0.11724137931034483,233.0,37.0,
223-395-bug喜马拉雅FM测试_1470654512.csv,42.0,42.0,1.0,390.0,395.0,0.9873417721518988,0.012658227848101222,0.02499999999999991,0.02499999999999991,305.0,85.0,
307-137-UONE_1463738088.csv,6.0,18.0,0.3333333333333333,30.0,137.0,0.21897810218978103,0.781021897810219,0.46724890829694327,0.46724890829694327,117.0,-87.0,
327-239-动起来测试_1463738068.csv,23.0,29.0,0.7931034482758621,115.0,239.0,0.4811715481171548,0.5188284518828452,0.6272957219839437,0.6272957219839437,214.0,-99.0,
