project,bugsDetected,totalBugs,percentBugsDetected,reportsSubmit,totalReports,percentReportsSubmit,percentSavedEffort,F1,E1,optimalReportsSubmit,differenceWithOptimal
1-284-百度手机卫士功能体验_1463737109.csv,34.0,36.0,0.9444444444444444,152.0,284.0,0.5352112676056338,0.46478873239436624,0.6229872293170461,0.6229872293170461,178.0,-26.0,
146-252-鸟人测试_1463737707.csv,29.0,31.0,0.9354838709677419,190.0,252.0,0.753968253968254,0.24603174603174605,0.38959913326110507,0.38959913326110507,196.0,-6.0,
2-471-百度浏览器T7尝鲜体验_1463737142.csv,57.0,58.0,0.9827586206896551,437.0,471.0,0.9278131634819533,0.0721868365180467,0.13449460425413787,0.13449460425413787,397.0,40.0,
202-432-无线襄阳测试_1463737927.csv,52.0,54.0,0.9629629629629629,285.0,432.0,0.6597222222222222,0.3402777777777778,0.5028616538385633,0.5028616538385633,270.0,15.0,
213-416-bug经常直播内测版测试_1470654528.csv,51.0,51.0,1.0,399.0,416.0,0.9591346153846154,0.04086538461538458,0.07852193995381056,0.07852193995381056,204.0,195.0,
217-288-bug大帮汇测试_1470654530.csv,36.0,36.0,1.0,285.0,288.0,0.9895833333333334,0.01041666666666663,0.020618556701030858,0.020618556701030858,233.0,52.0,
223-395-bug喜马拉雅FM测试_1470654512.csv,42.0,42.0,1.0,380.0,395.0,0.9620253164556962,0.03797468354430378,0.07317073170731704,0.07317073170731704,305.0,75.0,
307-137-UONE_1463738088.csv,17.0,18.0,0.9444444444444444,133.0,137.0,0.9708029197080292,0.029197080291970767,0.05664306538942101,0.05664306538942101,117.0,16.0,
327-239-动起来测试_1463738068.csv,25.0,29.0,0.8620689655172413,133.0,239.0,0.5564853556485355,0.4435146443514645,0.5857000773566141,0.5857000773566141,214.0,-81.0,
