project,bugsDetected,totalBugs,percentBugsDetected,reportsSubmit,totalReports,percentReportsSubmit,percentSavedEffort,F1,E1,optimalReportsSubmit,differenceWithOptimal
1-284-百度手机卫士功能体验_1463737109.csv,36.0,36.0,1.0,207.0,284.0,0.7288732394366197,0.27112676056338025,0.4265927977839335,0.4265927977839335,178.0,29.0,
146-252-鸟人测试_1463737707.csv,31.0,31.0,1.0,207.0,252.0,0.8214285714285714,0.1785714285714286,0.3030303030303031,0.3030303030303031,196.0,11.0,
2-471-百度浏览器T7尝鲜体验_1463737142.csv,58.0,58.0,1.0,437.0,471.0,0.9278131634819533,0.0721868365180467,0.13465346534653463,0.13465346534653463,397.0,40.0,
202-432-无线襄阳测试_1463737927.csv,45.0,54.0,0.8333333333333334,207.0,432.0,0.4791666666666667,0.5208333333333333,0.6410256410256411,0.6410256410256411,270.0,-63.0,
213-416-bug经常直播内测版测试_1470654528.csv,51.0,51.0,1.0,414.0,416.0,0.9951923076923077,0.004807692307692291,0.009569377990430589,0.009569377990430589,204.0,210.0,
217-288-bug大帮汇测试_1470654530.csv,35.0,36.0,0.9722222222222222,276.0,288.0,0.9583333333333334,0.04166666666666663,0.0799086757990867,0.0799086757990867,233.0,43.0,
223-395-bug喜马拉雅FM测试_1470654512.csv,42.0,42.0,1.0,391.0,395.0,0.9898734177215189,0.010126582278481067,0.020050125313283314,0.020050125313283314,305.0,86.0,
307-137-UONE_1463738088.csv,15.0,18.0,0.8333333333333334,115.0,137.0,0.8394160583941606,0.16058394160583944,0.26927784577723385,0.26927784577723385,117.0,-2.0,
327-239-动起来测试_1463738068.csv,25.0,29.0,0.8620689655172413,138.0,239.0,0.5774058577405857,0.4225941422594143,0.5671608265947888,0.5671608265947888,214.0,-76.0,
