project,bugsDetected,totalBugs,percentBugsDetected,reportsSubmit,totalReports,percentReportsSubmit,percentSavedEffort,F1,E1,optimalReportsSubmit,differenceWithOptimal
1-284-百度手机卫士功能体验_1463737109.csv,36.0,36.0,1.0,217.0,284.0,0.7640845070422535,0.2359154929577465,0.3817663817663818,0.3817663817663818,178.0,39.0,
146-252-鸟人测试_1463737707.csv,31.0,31.0,1.0,217.0,252.0,0.8611111111111112,0.13888888888888884,0.24390243902439016,0.24390243902439016,196.0,21.0,
2-471-百度浏览器T7尝鲜体验_1463737142.csv,58.0,58.0,1.0,465.0,471.0,0.9872611464968153,0.01273885350318471,0.02515723270440251,0.02515723270440251,397.0,68.0,
202-432-无线襄阳测试_1463737927.csv,53.0,54.0,0.9814814814814815,279.0,432.0,0.6458333333333334,0.35416666666666663,0.5205083766608896,0.5205083766608896,270.0,9.0,
213-416-bug经常直播内测版测试_1470654528.csv,50.0,51.0,0.9803921568627451,341.0,416.0,0.8197115384615384,0.18028846153846156,0.30456852791878175,0.30456852791878175,204.0,137.0,
217-288-bug大帮汇测试_1470654530.csv,32.0,36.0,0.8888888888888888,217.0,288.0,0.7534722222222222,0.2465277777777778,0.3860006795786613,0.3860006795786613,233.0,-16.0,
223-395-bug喜马拉雅FM测试_1470654512.csv,42.0,42.0,1.0,372.0,395.0,0.9417721518987342,0.0582278481012658,0.11004784688995213,0.11004784688995213,305.0,67.0,
307-137-UONE_1463738088.csv,13.0,18.0,0.7222222222222222,124.0,137.0,0.9051094890510949,0.0948905109489051,0.16774193548387095,0.16774193548387095,117.0,7.0,
327-239-动起来测试_1463738068.csv,28.0,29.0,0.9655172413793104,217.0,239.0,0.9079497907949791,0.09205020920502094,0.16807639836289223,0.16807639836289223,214.0,3.0,
