project,bugsDetected,totalBugs,percentBugsDetected,reportsSubmit,totalReports,percentReportsSubmit,percentSavedEffort,F1,E1,optimalReportsSubmit,differenceWithOptimal
1-284-百度手机卫士功能体验_1463737109.csv,25.0,36.0,0.6944444444444444,77.0,284.0,0.2711267605633803,0.7288732394366197,0.7112424409015943,0.7112424409015943,178.0,-101.0,
146-252-鸟人测试_1463737707.csv,29.0,31.0,0.9354838709677419,176.0,252.0,0.6984126984126984,0.3015873015873016,0.4561258278145696,0.4561258278145696,196.0,-20.0,
2-471-百度浏览器T7尝鲜体验_1463737142.csv,57.0,58.0,0.9827586206896551,440.0,471.0,0.9341825902335457,0.06581740976645434,0.12337231628556466,0.12337231628556466,397.0,43.0,
202-432-无线襄阳测试_1463737927.csv,54.0,54.0,1.0,286.0,432.0,0.6620370370370371,0.3379629629629629,0.5051903114186851,0.5051903114186851,270.0,16.0,
213-416-bug经常直播内测版测试_1470654528.csv,51.0,51.0,1.0,319.0,416.0,0.7668269230769231,0.23317307692307687,0.378167641325536,0.378167641325536,204.0,115.0,
217-288-bug大帮汇测试_1470654530.csv,33.0,36.0,0.9166666666666666,231.0,288.0,0.8020833333333334,0.19791666666666663,0.32554517133956384,0.32554517133956384,233.0,-2.0,
223-395-bug喜马拉雅FM测试_1470654512.csv,42.0,42.0,1.0,385.0,395.0,0.9746835443037974,0.025316455696202556,0.049382716049382755,0.049382716049382755,305.0,80.0,
307-137-UONE_1463738088.csv,18.0,18.0,1.0,132.0,137.0,0.9635036496350365,0.03649635036496346,0.07042253521126753,0.07042253521126753,117.0,15.0,
327-239-动起来测试_1463738068.csv,23.0,29.0,0.7931034482758621,110.0,239.0,0.4602510460251046,0.5397489539748954,0.6423468283178178,0.6423468283178178,214.0,-104.0,
