project,bugsDetected,totalBugs,percentBugsDetected,reportsSubmit,totalReports,percentReportsSubmit,percentSavedEffort,F1,E1,optimalReportsSubmit,differenceWithOptimal
1-284-百度手机卫士功能体验_1463737109.csv,36.0,36.0,1.0,261.0,284.0,0.9190140845070423,0.08098591549295775,0.1498371335504886,0.1498371335504886,178.0,83.0,
146-252-鸟人测试_1463737707.csv,31.0,31.0,1.0,232.0,252.0,0.9206349206349206,0.07936507936507942,0.14705882352941183,0.14705882352941183,196.0,36.0,
2-471-百度浏览器T7尝鲜体验_1463737142.csv,58.0,58.0,1.0,435.0,471.0,0.9235668789808917,0.07643312101910826,0.1420118343195266,0.1420118343195266,397.0,38.0,
202-432-无线襄阳测试_1463737927.csv,53.0,54.0,0.9814814814814815,290.0,432.0,0.6712962962962963,0.3287037037037037,0.4924748069624395,0.4924748069624395,270.0,20.0,
213-416-bug经常直播内测版测试_1470654528.csv,50.0,51.0,0.9803921568627451,261.0,416.0,0.6274038461538461,0.37259615384615385,0.5399756140045288,0.5399756140045288,204.0,57.0,
217-288-bug大帮汇测试_1470654530.csv,32.0,36.0,0.8888888888888888,232.0,288.0,0.8055555555555556,0.19444444444444442,0.31908831908831903,0.31908831908831903,233.0,-1.0,
223-395-bug喜马拉雅FM测试_1470654512.csv,42.0,42.0,1.0,377.0,395.0,0.9544303797468354,0.04556962025316458,0.08716707021791771,0.08716707021791771,305.0,72.0,
307-137-UONE_1463738088.csv,12.0,18.0,0.6666666666666666,116.0,137.0,0.8467153284671532,0.15328467153284675,0.24925816023738875,0.24925816023738875,117.0,-1.0,
327-239-动起来测试_1463738068.csv,27.0,29.0,0.9310344827586207,203.0,239.0,0.8493723849372385,0.15062761506276146,0.2593037214885953,0.2593037214885953,214.0,-11.0,
