project,bugsDetected,totalBugs,percentBugsDetected,reportsSubmit,totalReports,percentReportsSubmit,percentSavedEffort,F1,E1,optimalReportsSubmit,differenceWithOptimal
1-284-百度手机卫士功能体验_1463737109.csv,36.0,36.0,1.0,280.0,284.0,0.9859154929577465,0.014084507042253502,0.02777777777777774,0.02777777777777774,178.0,102.0,
146-252-鸟人测试_1463737707.csv,29.0,31.0,0.9354838709677419,180.0,252.0,0.7142857142857143,0.2857142857142857,0.43773584905660373,0.43773584905660373,196.0,-16.0,
2-471-百度浏览器T7尝鲜体验_1463737142.csv,57.0,58.0,0.9827586206896551,440.0,471.0,0.9341825902335457,0.06581740976645434,0.12337231628556466,0.12337231628556466,397.0,43.0,
202-432-无线襄阳测试_1463737927.csv,52.0,54.0,0.9629629629629629,280.0,432.0,0.6481481481481481,0.35185185185185186,0.5153886280646843,0.5153886280646843,270.0,10.0,
213-416-bug经常直播内测版测试_1470654528.csv,51.0,51.0,1.0,400.0,416.0,0.9615384615384616,0.038461538461538436,0.07407407407407403,0.07407407407407403,204.0,196.0,
217-288-bug大帮汇测试_1470654530.csv,36.0,36.0,1.0,280.0,288.0,0.9722222222222222,0.02777777777777779,0.054054054054054085,0.054054054054054085,233.0,47.0,
223-395-bug喜马拉雅FM测试_1470654512.csv,42.0,42.0,1.0,380.0,395.0,0.9620253164556962,0.03797468354430378,0.07317073170731704,0.07317073170731704,305.0,75.0,
307-137-UONE_1463738088.csv,17.0,18.0,0.9444444444444444,120.0,137.0,0.8759124087591241,0.12408759124087587,0.21935483870967737,0.21935483870967737,117.0,3.0,
327-239-动起来测试_1463738068.csv,25.0,29.0,0.8620689655172413,140.0,239.0,0.5857740585774058,0.41422594142259417,0.5595749491295501,0.5595749491295501,214.0,-74.0,
