project,bugsDetected,totalBugs,percentBugsDetected,reportsSubmit,totalReports,percentReportsSubmit,percentSavedEffort,F1,E1,optimalReportsSubmit,differenceWithOptimal
1-284-百度手机卫士功能体验_1463737109.csv,36.0,36.0,1.0,210.0,284.0,0.7394366197183099,0.2605633802816901,0.4134078212290503,0.4134078212290503,178.0,32.0,
146-252-鸟人测试_1463737707.csv,13.0,31.0,0.41935483870967744,105.0,252.0,0.4166666666666667,0.5833333333333333,0.48793565683646106,0.48793565683646106,196.0,-91.0,
2-471-百度浏览器T7尝鲜体验_1463737142.csv,57.0,58.0,0.9827586206896551,441.0,471.0,0.9363057324840764,0.06369426751592355,0.11963479903452615,0.11963479903452615,397.0,44.0,
202-432-无线襄阳测试_1463737927.csv,44.0,54.0,0.8148148148148148,210.0,432.0,0.4861111111111111,0.5138888888888888,0.6302748741773131,0.6302748741773131,270.0,-60.0,
213-416-bug经常直播内测版测试_1470654528.csv,51.0,51.0,1.0,399.0,416.0,0.9591346153846154,0.04086538461538458,0.07852193995381056,0.07852193995381056,204.0,195.0,
217-288-bug大帮汇测试_1470654530.csv,33.0,36.0,0.9166666666666666,231.0,288.0,0.8020833333333334,0.19791666666666663,0.32554517133956384,0.32554517133956384,233.0,-2.0,
223-395-bug喜马拉雅FM测试_1470654512.csv,42.0,42.0,1.0,378.0,395.0,0.9569620253164557,0.04303797468354431,0.08252427184466021,0.08252427184466021,305.0,73.0,
307-137-UONE_1463738088.csv,17.0,18.0,0.9444444444444444,126.0,137.0,0.9197080291970803,0.08029197080291972,0.14800158290463,0.14800158290463,117.0,9.0,
327-239-动起来测试_1463738068.csv,25.0,29.0,0.8620689655172413,126.0,239.0,0.5271966527196653,0.4728033472803347,0.6106787721573713,0.6106787721573713,214.0,-88.0,
