project,bugsDetected,totalBugs,percentBugsDetected,reportsSubmit,totalReports,percentReportsSubmit,percentSavedEffort,F1,E1,optimalReportsSubmit,differenceWithOptimal
1-284-百度手机卫士功能体验_1463737109.csv,36.0,36.0,1.0,216.0,284.0,0.7605633802816901,0.23943661971830987,0.38636363636363635,0.38636363636363635,178.0,38.0,
146-252-鸟人测试_1463737707.csv,31.0,31.0,1.0,216.0,252.0,0.8571428571428571,0.1428571428571429,0.2500000000000001,0.2500000000000001,196.0,20.0,
2-471-百度浏览器T7尝鲜体验_1463737142.csv,58.0,58.0,1.0,432.0,471.0,0.9171974522292994,0.08280254777070062,0.1529411764705882,0.1529411764705882,397.0,35.0,
202-432-无线襄阳测试_1463737927.csv,53.0,54.0,0.9814814814814815,297.0,432.0,0.6875,0.3125,0.47406082289803225,0.47406082289803225,270.0,27.0,
213-416-bug经常直播内测版测试_1470654528.csv,50.0,51.0,0.9803921568627451,405.0,416.0,0.9735576923076923,0.02644230769230771,0.0514957164926736,0.0514957164926736,204.0,201.0,
217-288-bug大帮汇测试_1470654530.csv,32.0,36.0,0.8888888888888888,216.0,288.0,0.75,0.25,0.3902439024390244,0.3902439024390244,233.0,-17.0,
223-395-bug喜马拉雅FM测试_1470654512.csv,42.0,42.0,1.0,378.0,395.0,0.9569620253164557,0.04303797468354431,0.08252427184466021,0.08252427184466021,305.0,73.0,
307-137-UONE_1463738088.csv,14.0,18.0,0.7777777777777778,135.0,137.0,0.9854014598540146,0.014598540145985384,0.028659160696008153,0.028659160696008153,117.0,18.0,
327-239-动起来测试_1463738068.csv,29.0,29.0,1.0,216.0,239.0,0.9037656903765691,0.09623430962343094,0.17557251908396945,0.17557251908396945,214.0,2.0,
