project,bugsDetected,totalBugs,percentBugsDetected,reportsSubmit,totalReports,percentReportsSubmit,percentSavedEffort,F1,E1,optimalReportsSubmit,differenceWithOptimal
1-284-百度手机卫士功能体验_1463737109.csv,36.0,36.0,1.0,216.0,284.0,0.7605633802816901,0.23943661971830987,0.38636363636363635,0.38636363636363635,178.0,38.0,
146-252-鸟人测试_1463737707.csv,31.0,31.0,1.0,216.0,252.0,0.8571428571428571,0.1428571428571429,0.2500000000000001,0.2500000000000001,196.0,20.0,
2-471-百度浏览器T7尝鲜体验_1463737142.csv,58.0,58.0,1.0,432.0,471.0,0.9171974522292994,0.08280254777070062,0.1529411764705882,0.1529411764705882,397.0,35.0,
202-432-无线襄阳测试_1463737927.csv,53.0,54.0,0.9814814814814815,312.0,432.0,0.7222222222222222,0.2777777777777778,0.43300653594771243,0.43300653594771243,270.0,42.0,
213-416-bug经常直播内测版测试_1470654528.csv,51.0,51.0,1.0,408.0,416.0,0.9807692307692307,0.019230769230769273,0.03773584905660386,0.03773584905660386,204.0,204.0,
217-288-bug大帮汇测试_1470654530.csv,33.0,36.0,0.9166666666666666,264.0,288.0,0.9166666666666666,0.08333333333333337,0.15277777777777785,0.15277777777777785,233.0,31.0,
223-395-bug喜马拉雅FM测试_1470654512.csv,42.0,42.0,1.0,384.0,395.0,0.9721518987341772,0.027848101265822822,0.05418719211822667,0.05418719211822667,305.0,79.0,
307-137-UONE_1463738088.csv,16.0,18.0,0.8888888888888888,120.0,137.0,0.8759124087591241,0.12408759124087587,0.21777421937550034,0.21777421937550034,117.0,3.0,
327-239-动起来测试_1463738068.csv,26.0,29.0,0.896551724137931,168.0,239.0,0.702928870292887,0.297071129707113,0.44627100205487746,0.44627100205487746,214.0,-46.0,
