project,bugsDetected,totalBugs,percentBugsDetected,reportsSubmit,totalReports,percentReportsSubmit,percentSavedEffort,F1,E1,optimalReportsSubmit,differenceWithOptimal
1-284-百度手机卫士功能体验_1463737109.csv,32.0,36.0,0.8888888888888888,144.0,284.0,0.5070422535211268,0.49295774647887325,0.6342015855039638,0.6342015855039638,178.0,-34.0,
146-252-鸟人测试_1463737707.csv,29.0,31.0,0.9354838709677419,176.0,252.0,0.6984126984126984,0.3015873015873016,0.4561258278145696,0.4561258278145696,196.0,-20.0,
2-471-百度浏览器T7尝鲜体验_1463737142.csv,57.0,58.0,0.9827586206896551,432.0,471.0,0.9171974522292994,0.08280254777070062,0.15273626713387609,0.15273626713387609,397.0,35.0,
202-432-无线襄阳测试_1463737927.csv,54.0,54.0,1.0,288.0,432.0,0.6666666666666666,0.33333333333333337,0.5,0.5,270.0,18.0,
213-416-bug经常直播内测版测试_1470654528.csv,51.0,51.0,1.0,400.0,416.0,0.9615384615384616,0.038461538461538436,0.07407407407407403,0.07407407407407403,204.0,196.0,
217-288-bug大帮汇测试_1470654530.csv,36.0,36.0,1.0,272.0,288.0,0.9444444444444444,0.05555555555555558,0.10526315789473689,0.10526315789473689,233.0,39.0,
223-395-bug喜马拉雅FM测试_1470654512.csv,42.0,42.0,1.0,384.0,395.0,0.9721518987341772,0.027848101265822822,0.05418719211822667,0.05418719211822667,305.0,79.0,
307-137-UONE_1463738088.csv,17.0,18.0,0.9444444444444444,128.0,137.0,0.9343065693430657,0.06569343065693434,0.12284223203532724,0.12284223203532724,117.0,11.0,
327-239-动起来测试_1463738068.csv,22.0,29.0,0.7586206896551724,96.0,239.0,0.401673640167364,0.598326359832636,0.6690058479532164,0.6690058479532164,214.0,-118.0,
