project,bugsDetected,totalBugs,percentBugsDetected,reportsSubmit,totalReports,percentReportsSubmit,percentSavedEffort,F1,E1,optimalReportsSubmit,differenceWithOptimal
1-284-百度手机卫士功能体验_1463737109.csv,34.0,36.0,0.9444444444444444,153.0,284.0,0.5387323943661971,0.46126760563380287,0.6198163094906765,0.6198163094906765,178.0,-25.0,
146-252-鸟人测试_1463737707.csv,31.0,31.0,1.0,238.0,252.0,0.9444444444444444,0.05555555555555558,0.10526315789473689,0.10526315789473689,196.0,42.0,
2-471-百度浏览器T7尝鲜体验_1463737142.csv,57.0,58.0,0.9827586206896551,442.0,471.0,0.9384288747346072,0.06157112526539277,0.11588208489607066,0.11588208489607066,397.0,45.0,
202-432-无线襄阳测试_1463737927.csv,54.0,54.0,1.0,289.0,432.0,0.6689814814814815,0.3310185185185185,0.497391304347826,0.497391304347826,270.0,19.0,
213-416-bug经常直播内测版测试_1470654528.csv,51.0,51.0,1.0,408.0,416.0,0.9807692307692307,0.019230769230769273,0.03773584905660386,0.03773584905660386,204.0,204.0,
217-288-bug大帮汇测试_1470654530.csv,36.0,36.0,1.0,272.0,288.0,0.9444444444444444,0.05555555555555558,0.10526315789473689,0.10526315789473689,233.0,39.0,
223-395-bug喜马拉雅FM测试_1470654512.csv,42.0,42.0,1.0,391.0,395.0,0.9898734177215189,0.010126582278481067,0.020050125313283314,0.020050125313283314,305.0,86.0,
307-137-UONE_1463738088.csv,17.0,18.0,0.9444444444444444,136.0,137.0,0.9927007299270073,0.007299270072992692,0.014486578610992739,0.014486578610992739,117.0,19.0,
327-239-动起来测试_1463738068.csv,26.0,29.0,0.896551724137931,136.0,239.0,0.5690376569037657,0.43096234309623427,0.58211064014781,0.58211064014781,214.0,-78.0,
