project,bugsDetected,totalBugs,percentBugsDetected,reportsSubmit,totalReports,percentReportsSubmit,percentSavedEffort,F1,E1,optimalReportsSubmit,differenceWithOptimal
1-284-百度手机卫士功能体验_1463737109.csv,32.0,36.0,0.8888888888888888,132.0,284.0,0.4647887323943662,0.5352112676056338,0.6681318681318681,0.6681318681318681,178.0,-46.0,
146-252-鸟人测试_1463737707.csv,29.0,31.0,0.9354838709677419,192.0,252.0,0.7619047619047619,0.23809523809523814,0.3795811518324607,0.3795811518324607,196.0,-4.0,
2-471-百度浏览器T7尝鲜体验_1463737142.csv,57.0,58.0,0.9827586206896551,432.0,471.0,0.9171974522292994,0.08280254777070062,0.15273626713387609,0.15273626713387609,397.0,35.0,
202-432-无线襄阳测试_1463737927.csv,54.0,54.0,1.0,288.0,432.0,0.6666666666666666,0.33333333333333337,0.5,0.5,270.0,18.0,
213-416-bug经常直播内测版测试_1470654528.csv,51.0,51.0,1.0,408.0,416.0,0.9807692307692307,0.019230769230769273,0.03773584905660386,0.03773584905660386,204.0,204.0,
217-288-bug大帮汇测试_1470654530.csv,36.0,36.0,1.0,276.0,288.0,0.9583333333333334,0.04166666666666663,0.07999999999999995,0.07999999999999995,233.0,43.0,
223-395-bug喜马拉雅FM测试_1470654512.csv,42.0,42.0,1.0,384.0,395.0,0.9721518987341772,0.027848101265822822,0.05418719211822667,0.05418719211822667,305.0,79.0,
307-137-UONE_1463738088.csv,7.0,18.0,0.3888888888888889,60.0,137.0,0.43795620437956206,0.5620437956204379,0.4597014925373134,0.4597014925373134,117.0,-57.0,
327-239-动起来测试_1463738068.csv,20.0,29.0,0.6896551724137931,84.0,239.0,0.3514644351464435,0.6485355648535565,0.6684636118598383,0.6684636118598383,214.0,-130.0,
