project,bugsDetected,totalBugs,percentBugsDetected,reportsSubmit,totalReports,percentReportsSubmit,percentSavedEffort,F1,E1,optimalReportsSubmit,differenceWithOptimal
1-284-百度手机卫士功能体验_1463737109.csv,32.0,36.0,0.8888888888888888,150.0,284.0,0.528169014084507,0.471830985915493,0.61644623346751,0.61644623346751,178.0,-28.0,
146-252-鸟人测试_1463737707.csv,31.0,31.0,1.0,225.0,252.0,0.8928571428571429,0.1071428571428571,0.1935483870967741,0.1935483870967741,196.0,29.0,
2-471-百度浏览器T7尝鲜体验_1463737142.csv,57.0,58.0,0.9827586206896551,435.0,471.0,0.9235668789808917,0.07643312101910826,0.14183514774494554,0.14183514774494554,397.0,38.0,
202-432-无线襄阳测试_1463737927.csv,54.0,54.0,1.0,285.0,432.0,0.6597222222222222,0.3402777777777778,0.5077720207253886,0.5077720207253886,270.0,15.0,
213-416-bug经常直播内测版测试_1470654528.csv,51.0,51.0,1.0,315.0,416.0,0.7572115384615384,0.24278846153846156,0.390715667311412,0.390715667311412,204.0,111.0,
217-288-bug大帮汇测试_1470654530.csv,36.0,36.0,1.0,285.0,288.0,0.9895833333333334,0.01041666666666663,0.020618556701030858,0.020618556701030858,233.0,52.0,
223-395-bug喜马拉雅FM测试_1470654512.csv,42.0,42.0,1.0,390.0,395.0,0.9873417721518988,0.012658227848101222,0.02499999999999991,0.02499999999999991,305.0,85.0,
307-137-UONE_1463738088.csv,17.0,18.0,0.9444444444444444,135.0,137.0,0.9854014598540146,0.014598540145985384,0.028752642706131044,0.028752642706131044,117.0,18.0,
327-239-动起来测试_1463738068.csv,21.0,29.0,0.7241379310344828,90.0,239.0,0.37656903765690375,0.6234309623430963,0.6700214132762313,0.6700214132762313,214.0,-124.0,
