project,bugsDetected,totalBugs,percentBugsDetected,reportsSubmit,totalReports,percentReportsSubmit,percentSavedEffort,F1,E1,optimalReportsSubmit,differenceWithOptimal
1-284-百度手机卫士功能体验_1463737109.csv,13.0,36.0,0.3611111111111111,33.0,284.0,0.11619718309859155,0.8838028169014085,0.5127278441231929,0.5127278441231929,178.0,-145.0,
146-252-鸟人测试_1463737707.csv,13.0,31.0,0.41935483870967744,48.0,252.0,0.19047619047619047,0.8095238095238095,0.5525,0.5525,196.0,-148.0,
2-471-百度浏览器T7尝鲜体验_1463737142.csv,58.0,58.0,1.0,432.0,471.0,0.9171974522292994,0.08280254777070062,0.1529411764705882,0.1529411764705882,397.0,35.0,
202-432-无线襄阳测试_1463737927.csv,48.0,54.0,0.8888888888888888,207.0,432.0,0.4791666666666667,0.5208333333333333,0.6568144499178981,0.6568144499178981,270.0,-63.0,
213-416-bug经常直播内测版测试_1470654528.csv,51.0,51.0,1.0,276.0,416.0,0.6634615384615384,0.33653846153846156,0.5035971223021583,0.5035971223021583,204.0,72.0,
217-288-bug大帮汇测试_1470654530.csv,35.0,36.0,0.9722222222222222,285.0,288.0,0.9895833333333334,0.01041666666666663,0.02061248527679616,0.02061248527679616,233.0,52.0,
223-395-bug喜马拉雅FM测试_1470654512.csv,41.0,42.0,0.9761904761904762,393.0,395.0,0.9949367088607595,0.005063291139240533,0.010074328889981011,0.010074328889981011,305.0,88.0,
307-137-UONE_1463738088.csv,4.0,18.0,0.2222222222222222,15.0,137.0,0.10948905109489052,0.8905109489051095,0.35568513119533524,0.35568513119533524,117.0,-102.0,
327-239-动起来测试_1463738068.csv,1.0,29.0,0.034482758620689655,15.0,239.0,0.06276150627615062,0.9372384937238494,0.06651818856718635,0.06651818856718635,214.0,-199.0,
