project,bugsDetected,totalBugs,percentBugsDetected,reportsSubmit,totalReports,percentReportsSubmit,percentSavedEffort,F1,E1,optimalReportsSubmit,differenceWithOptimal
1-284-百度手机卫士功能体验_1463737109.csv,29.0,36.0,0.8055555555555556,92.0,284.0,0.323943661971831,0.676056338028169,0.7351465540005281,0.7351465540005281,178.0,-86.0,
146-252-鸟人测试_1463737707.csv,13.0,31.0,0.41935483870967744,48.0,252.0,0.19047619047619047,0.8095238095238095,0.5525,0.5525,196.0,-148.0,
2-471-百度浏览器T7尝鲜体验_1463737142.csv,58.0,58.0,1.0,432.0,471.0,0.9171974522292994,0.08280254777070062,0.1529411764705882,0.1529411764705882,397.0,35.0,
202-432-无线襄阳测试_1463737927.csv,48.0,54.0,0.8888888888888888,208.0,432.0,0.48148148148148145,0.5185185185185186,0.6549707602339182,0.6549707602339182,270.0,-62.0,
213-416-bug经常直播内测版测试_1470654528.csv,51.0,51.0,1.0,276.0,416.0,0.6634615384615384,0.33653846153846156,0.5035971223021583,0.5035971223021583,204.0,72.0,
217-288-bug大帮汇测试_1470654530.csv,34.0,36.0,0.9444444444444444,268.0,288.0,0.9305555555555556,0.06944444444444442,0.12937595129375948,0.12937595129375948,233.0,35.0,
223-395-bug喜马拉雅FM测试_1470654512.csv,41.0,42.0,0.9761904761904762,392.0,395.0,0.9924050632911392,0.0075949367088608,0.015072605845230153,0.015072605845230153,305.0,87.0,
307-137-UONE_1463738088.csv,14.0,18.0,0.7777777777777778,88.0,137.0,0.6423357664233577,0.35766423357664234,0.49000000000000005,0.49000000000000005,117.0,-29.0,
327-239-动起来测试_1463738068.csv,23.0,29.0,0.7931034482758621,104.0,239.0,0.4351464435146444,0.5648535564853556,0.6597960050998725,0.6597960050998725,214.0,-110.0,
