project,bugsDetected,totalBugs,percentBugsDetected,reportsSubmit,totalReports,percentReportsSubmit,percentSavedEffort,F1,E1,optimalReportsSubmit,differenceWithOptimal
1-284-百度手机卫士功能体验_1463737109.csv,33.0,36.0,0.9166666666666666,144.0,284.0,0.5070422535211268,0.49295774647887325,0.6411323896752705,0.6411323896752705,178.0,-34.0,
146-252-鸟人测试_1463737707.csv,31.0,31.0,1.0,216.0,252.0,0.8571428571428571,0.1428571428571429,0.2500000000000001,0.2500000000000001,196.0,20.0,
2-471-百度浏览器T7尝鲜体验_1463737142.csv,57.0,58.0,0.9827586206896551,432.0,471.0,0.9171974522292994,0.08280254777070062,0.15273626713387609,0.15273626713387609,397.0,35.0,
202-432-无线襄阳测试_1463737927.csv,53.0,54.0,0.9814814814814815,288.0,432.0,0.6666666666666666,0.33333333333333337,0.4976525821596245,0.4976525821596245,270.0,18.0,
213-416-bug经常直播内测版测试_1470654528.csv,51.0,51.0,1.0,414.0,416.0,0.9951923076923077,0.004807692307692291,0.009569377990430589,0.009569377990430589,204.0,210.0,
217-288-bug大帮汇测试_1470654530.csv,36.0,36.0,1.0,270.0,288.0,0.9375,0.0625,0.11764705882352941,0.11764705882352941,233.0,37.0,
223-395-bug喜马拉雅FM测试_1470654512.csv,42.0,42.0,1.0,378.0,395.0,0.9569620253164557,0.04303797468354431,0.08252427184466021,0.08252427184466021,305.0,73.0,
307-137-UONE_1463738088.csv,17.0,18.0,0.9444444444444444,126.0,137.0,0.9197080291970803,0.08029197080291972,0.14800158290463,0.14800158290463,117.0,9.0,
327-239-动起来测试_1463738068.csv,26.0,29.0,0.896551724137931,126.0,239.0,0.5271966527196653,0.4728033472803347,0.6191128437467074,0.6191128437467074,214.0,-88.0,
