project,bugsDetected,totalBugs,percentBugsDetected,reportsSubmit,totalReports,percentReportsSubmit,percentSavedEffort,F1,E1,optimalReportsSubmit,differenceWithOptimal
1-284-百度手机卫士功能体验_1463737109.csv,34.0,36.0,0.9444444444444444,154.0,284.0,0.5422535211267606,0.4577464788732394,0.6166294642857142,0.6166294642857142,178.0,-24.0,
146-252-鸟人测试_1463737707.csv,31.0,31.0,1.0,220.0,252.0,0.873015873015873,0.12698412698412698,0.22535211267605632,0.22535211267605632,196.0,24.0,
2-471-百度浏览器T7尝鲜体验_1463737142.csv,57.0,58.0,0.9827586206896551,440.0,471.0,0.9341825902335457,0.06581740976645434,0.12337231628556466,0.12337231628556466,397.0,43.0,
202-432-无线襄阳测试_1463737927.csv,47.0,54.0,0.8703703703703703,220.0,432.0,0.5092592592592593,0.4907407407407407,0.6276140085663895,0.6276140085663895,270.0,-50.0,
213-416-bug经常直播内测版测试_1470654528.csv,51.0,51.0,1.0,396.0,416.0,0.9519230769230769,0.04807692307692313,0.09174311926605513,0.09174311926605513,204.0,192.0,
217-288-bug大帮汇测试_1470654530.csv,32.0,36.0,0.8888888888888888,220.0,288.0,0.7638888888888888,0.23611111111111116,0.37311385459533614,0.37311385459533614,233.0,-13.0,
223-395-bug喜马拉雅FM测试_1470654512.csv,42.0,42.0,1.0,374.0,395.0,0.9468354430379747,0.05316455696202527,0.10096153846153838,0.10096153846153838,305.0,69.0,
307-137-UONE_1463738088.csv,17.0,18.0,0.9444444444444444,132.0,137.0,0.9635036496350365,0.03649635036496346,0.07027697395618016,0.07027697395618016,117.0,15.0,
327-239-动起来测试_1463738068.csv,25.0,29.0,0.8620689655172413,132.0,239.0,0.5523012552301255,0.4476987447698745,0.5893368583388412,0.5893368583388412,214.0,-82.0,
