project,bugsDetected,totalBugs,percentBugsDetected,reportsSubmit,totalReports,percentReportsSubmit,percentSavedEffort,F1,E1,optimalReportsSubmit,differenceWithOptimal
1-284-百度手机卫士功能体验_1463737109.csv,36.0,36.0,1.0,208.0,284.0,0.7323943661971831,0.2676056338028169,0.42222222222222217,0.42222222222222217,178.0,30.0,
146-252-鸟人测试_1463737707.csv,31.0,31.0,1.0,234.0,252.0,0.9285714285714286,0.0714285714285714,0.13333333333333328,0.13333333333333328,196.0,38.0,
2-471-百度浏览器T7尝鲜体验_1463737142.csv,58.0,58.0,1.0,442.0,471.0,0.9384288747346072,0.06157112526539277,0.11599999999999998,0.11599999999999998,397.0,45.0,
202-432-无线襄阳测试_1463737927.csv,53.0,54.0,0.9814814814814815,364.0,432.0,0.8425925925925926,0.15740740740740744,0.27130382414935267,0.27130382414935267,270.0,94.0,
213-416-bug经常直播内测版测试_1470654528.csv,51.0,51.0,1.0,390.0,416.0,0.9375,0.0625,0.11764705882352941,0.11764705882352941,204.0,186.0,
217-288-bug大帮汇测试_1470654530.csv,32.0,36.0,0.8888888888888888,208.0,288.0,0.7222222222222222,0.2777777777777778,0.4232804232804233,0.4232804232804233,233.0,-25.0,
223-395-bug喜马拉雅FM测试_1470654512.csv,42.0,42.0,1.0,390.0,395.0,0.9873417721518988,0.012658227848101222,0.02499999999999991,0.02499999999999991,305.0,85.0,
307-137-UONE_1463738088.csv,14.0,18.0,0.7777777777777778,130.0,137.0,0.948905109489051,0.051094890510948954,0.09589041095890419,0.09589041095890419,117.0,13.0,
327-239-动起来测试_1463738068.csv,27.0,29.0,0.9310344827586207,182.0,239.0,0.7615062761506276,0.2384937238493724,0.37971872686898595,0.37971872686898595,214.0,-32.0,
