project,bugsDetected,totalBugs,percentBugsDetected,reportsSubmit,totalReports,percentReportsSubmit,percentSavedEffort,F1,E1,optimalReportsSubmit,differenceWithOptimal
1-284-百度手机卫士功能体验_1463737109.csv,32.0,36.0,0.8888888888888888,130.0,284.0,0.45774647887323944,0.5422535211267605,0.6735921268452706,0.6735921268452706,178.0,-48.0,
146-252-鸟人测试_1463737707.csv,31.0,31.0,1.0,234.0,252.0,0.9285714285714286,0.0714285714285714,0.13333333333333328,0.13333333333333328,196.0,38.0,
2-471-百度浏览器T7尝鲜体验_1463737142.csv,57.0,58.0,0.9827586206896551,442.0,471.0,0.9384288747346072,0.06157112526539277,0.11588208489607066,0.11588208489607066,397.0,45.0,
202-432-无线襄阳测试_1463737927.csv,54.0,54.0,1.0,286.0,432.0,0.6620370370370371,0.3379629629629629,0.5051903114186851,0.5051903114186851,270.0,16.0,
213-416-bug经常直播内测版测试_1470654528.csv,51.0,51.0,1.0,403.0,416.0,0.96875,0.03125,0.06060606060606061,0.06060606060606061,204.0,199.0,
217-288-bug大帮汇测试_1470654530.csv,36.0,36.0,1.0,286.0,288.0,0.9930555555555556,0.00694444444444442,0.013793103448275813,0.013793103448275813,233.0,53.0,
223-395-bug喜马拉雅FM测试_1470654512.csv,42.0,42.0,1.0,390.0,395.0,0.9873417721518988,0.012658227848101222,0.02499999999999991,0.02499999999999991,305.0,85.0,
307-137-UONE_1463738088.csv,7.0,18.0,0.3888888888888889,65.0,137.0,0.4744525547445255,0.5255474452554745,0.4470066518847007,0.4470066518847007,117.0,-52.0,
327-239-动起来测试_1463738068.csv,26.0,29.0,0.896551724137931,130.0,239.0,0.5439330543933054,0.4560669456066946,0.6045866666666666,0.6045866666666666,214.0,-84.0,
