project,bugsDetected,totalBugs,percentBugsDetected,reportsSubmit,totalReports,percentReportsSubmit,percentSavedEffort,F1,E1,optimalReportsSubmit,differenceWithOptimal
1-284-百度手机卫士功能体验_1463737109.csv,32.0,36.0,0.8888888888888888,126.0,284.0,0.44366197183098594,0.556338028169014,0.6843530048727666,0.6843530048727666,178.0,-52.0,
146-252-鸟人测试_1463737707.csv,31.0,31.0,1.0,224.0,252.0,0.8888888888888888,0.11111111111111116,0.20000000000000007,0.20000000000000007,196.0,28.0,
2-471-百度浏览器T7尝鲜体验_1463737142.csv,57.0,58.0,0.9827586206896551,434.0,471.0,0.921443736730361,0.07855626326963905,0.1454833925430276,0.1454833925430276,397.0,37.0,
202-432-无线襄阳测试_1463737927.csv,54.0,54.0,1.0,280.0,432.0,0.6481481481481481,0.35185185185185186,0.5205479452054794,0.5205479452054794,270.0,10.0,
213-416-bug经常直播内测版测试_1470654528.csv,51.0,51.0,1.0,406.0,416.0,0.9759615384615384,0.024038461538461564,0.04694835680751178,0.04694835680751178,204.0,202.0,
217-288-bug大帮汇测试_1470654530.csv,36.0,36.0,1.0,280.0,288.0,0.9722222222222222,0.02777777777777779,0.054054054054054085,0.054054054054054085,233.0,47.0,
223-395-bug喜马拉雅FM测试_1470654512.csv,42.0,42.0,1.0,392.0,395.0,0.9924050632911392,0.0075949367088608,0.01507537688442219,0.01507537688442219,305.0,87.0,
307-137-UONE_1463738088.csv,17.0,18.0,0.9444444444444444,126.0,137.0,0.9197080291970803,0.08029197080291972,0.14800158290463,0.14800158290463,117.0,9.0,
327-239-动起来测试_1463738068.csv,23.0,29.0,0.7931034482758621,98.0,239.0,0.4100418410041841,0.5899581589958158,0.676611725432923,0.676611725432923,214.0,-116.0,
