project,bugsDetected,totalBugs,percentBugsDetected,reportsSubmit,totalReports,percentReportsSubmit,percentSavedEffort,F1,E1,optimalReportsSubmit,differenceWithOptimal
1-284-百度手机卫士功能体验_1463737109.csv,10.0,36.0,0.2777777777777778,30.0,284.0,0.1056338028169014,0.8943661971830986,0.4238985313751669,0.4238985313751669,178.0,-148.0,
146-252-鸟人测试_1463737707.csv,13.0,31.0,0.41935483870967744,54.0,252.0,0.21428571428571427,0.7857142857142857,0.5468451242829828,0.5468451242829828,196.0,-142.0,
2-471-百度浏览器T7尝鲜体验_1463737142.csv,58.0,58.0,1.0,432.0,471.0,0.9171974522292994,0.08280254777070062,0.1529411764705882,0.1529411764705882,397.0,35.0,
202-432-无线襄阳测试_1463737927.csv,47.0,54.0,0.8703703703703703,210.0,432.0,0.4861111111111111,0.5138888888888888,0.6462281679672984,0.6462281679672984,270.0,-60.0,
213-416-bug经常直播内测版测试_1470654528.csv,51.0,51.0,1.0,288.0,416.0,0.6923076923076923,0.3076923076923077,0.47058823529411764,0.47058823529411764,204.0,84.0,
217-288-bug大帮汇测试_1470654530.csv,34.0,36.0,0.9444444444444444,270.0,288.0,0.9375,0.0625,0.11724137931034483,0.11724137931034483,233.0,37.0,
223-395-bug喜马拉雅FM测试_1470654512.csv,42.0,42.0,1.0,390.0,395.0,0.9873417721518988,0.012658227848101222,0.02499999999999991,0.02499999999999991,305.0,85.0,
307-137-UONE_1463738088.csv,6.0,18.0,0.3333333333333333,30.0,137.0,0.21897810218978103,0.781021897810219,0.46724890829694327,0.46724890829694327,117.0,-87.0,
327-239-动起来测试_1463738068.csv,2.0,29.0,0.06896551724137931,30.0,239.0,0.12552301255230125,0.8744769874476988,0.12784829484630678,0.12784829484630678,214.0,-184.0,
