project,bugsDetected,totalBugs,percentBugsDetected,reportsSubmit,totalReports,percentReportsSubmit,percentSavedEffort,F1,E1,optimalReportsSubmit,differenceWithOptimal
307-137-UONE_1463738088.csv,14.0,18.0,0.7777777777777778,90.0,137.0,0.656934306569343,0.34306569343065696,0.47612156295224317,0.47612156295224317,117.0,-27.0,
202-432-无线襄阳测试_1463737927.csv,54.0,54.0,1.0,279.0,432.0,0.6458333333333334,0.35416666666666663,0.5230769230769231,0.5230769230769231,270.0,9.0,
146-252-鸟人测试_1463737707.csv,12.0,31.0,0.3870967741935484,54.0,252.0,0.21428571428571427,0.7857142857142857,0.518664047151277,0.518664047151277,196.0,-142.0,
327-239-动起来测试_1463738068.csv,25.0,29.0,0.8620689655172413,126.0,239.0,0.5271966527196653,0.4728033472803347,0.6106787721573713,0.6106787721573713,214.0,-88.0,
213-416-bug经常直播内测版测试_1470654528.csv,51.0,51.0,1.0,288.0,416.0,0.6923076923076923,0.3076923076923077,0.47058823529411764,0.47058823529411764,204.0,84.0,
2-471-百度浏览器T7尝鲜体验_1463737142.csv,57.0,58.0,0.9827586206896551,432.0,471.0,0.9171974522292994,0.08280254777070062,0.15273626713387609,0.15273626713387609,397.0,35.0,
217-288-bug大帮汇测试_1470654530.csv,11.0,36.0,0.3055555555555556,45.0,288.0,0.15625,0.84375,0.4486404833836858,0.4486404833836858,233.0,-188.0,
1-284-百度手机卫士功能体验_1463737109.csv,32.0,36.0,0.8888888888888888,126.0,284.0,0.44366197183098594,0.556338028169014,0.6843530048727666,0.6843530048727666,178.0,-52.0,
223-395-bug喜马拉雅FM测试_1470654512.csv,42.0,42.0,1.0,387.0,395.0,0.979746835443038,0.020253164556962022,0.03970223325062034,0.03970223325062034,305.0,82.0,
