project,bugsDetected,totalBugs,percentBugsDetected,reportsSubmit,totalReports,percentReportsSubmit,percentSavedEffort,F1,E1,optimalReportsSubmit,differenceWithOptimal
213-416-bug经常直播内测版测试_1470654528.csv,51.0,51.0,1.0,416.0,416.0,1.0,0.0,0.0,0.0,204.0,212.0,54.0,56.0,
72-213-花友测试_1463737504.csv,21.0,26.0,0.8076923076923077,56.0,213.0,0.26291079812206575,0.7370892018779343,0.7707773232028053,0.7707773232028053,104.0,-48.0,21.0,
