project,bugsDetected,totalBugs,percentBugsDetected,reportsSubmit,totalReports,percentReportsSubmit,percentSavedEffort,F1,E1,optimalReportsSubmit,differenceWithOptimal
1-284-百度手机卫士功能体验_1463737109.csv,35.0,36.0,0.9722222222222222,280.0,284.0,0.9859154929577465,0.014084507042253502,0.027766759222530704,0.027766759222530704,178.0,102.0,
146-252-鸟人测试_1463737707.csv,31.0,31.0,1.0,224.0,252.0,0.8888888888888888,0.11111111111111116,0.20000000000000007,0.20000000000000007,196.0,28.0,
2-471-百度浏览器T7尝鲜体验_1463737142.csv,57.0,58.0,0.9827586206896551,464.0,471.0,0.9851380042462845,0.014861995753715496,0.029281180053572078,0.029281180053572078,397.0,67.0,
202-432-无线襄阳测试_1463737927.csv,54.0,54.0,1.0,392.0,432.0,0.9074074074074074,0.09259259259259256,0.16949152542372875,0.16949152542372875,270.0,122.0,
213-416-bug经常直播内测版测试_1470654528.csv,51.0,51.0,1.0,400.0,416.0,0.9615384615384616,0.038461538461538436,0.07407407407407403,0.07407407407407403,204.0,196.0,
217-288-bug大帮汇测试_1470654530.csv,35.0,36.0,0.9722222222222222,280.0,288.0,0.9722222222222222,0.02777777777777779,0.05401234567901237,0.05401234567901237,233.0,47.0,
223-395-bug喜马拉雅FM测试_1470654512.csv,5.0,42.0,0.11904761904761904,40.0,395.0,0.10126582278481013,0.8987341772151899,0.21024578027835358,0.21024578027835358,305.0,-265.0,
307-137-UONE_1463738088.csv,18.0,18.0,1.0,136.0,137.0,0.9927007299270073,0.007299270072992692,0.01449275362318839,0.01449275362318839,117.0,19.0,
327-239-动起来测试_1463738068.csv,25.0,29.0,0.8620689655172413,144.0,239.0,0.602510460251046,0.39748953974895396,0.5441008018327605,0.5441008018327605,214.0,-70.0,
