project,bugsDetected,totalBugs,percentBugsDetected,reportsSubmit,totalReports,percentReportsSubmit,percentSavedEffort,F1,E1,optimalReportsSubmit,differenceWithOptimal
213-416-bug经常直播内测版测试_1470654528.csv,51.0,51.0,1.0,400.0,416.0,0.9615384615384616,0.038461538461538436,0.07407407407407403,0.07407407407407403,204.0,196.0,
72-213-花友测试_1463737504.csv,26.0,26.0,1.0,140.0,213.0,0.6572769953051644,0.34272300469483563,0.5104895104895105,0.5104895104895105,104.0,36.0,
