project,bugsDetected,totalBugs,percentBugsDetected,reportsSubmit,totalReports,percentReportsSubmit,percentSavedEffort,F1,E1,optimalReportsSubmit,differenceWithOptimal
213-416-bug经常直播内测版测试_1470654528.csv,51.0,51.0,1.0,315.0,416.0,0.7572115384615384,0.24278846153846156,0.390715667311412,0.390715667311412,204.0,111.0,
72-213-花友测试_1463737504.csv,26.0,26.0,1.0,135.0,213.0,0.6338028169014085,0.3661971830985915,0.5360824742268041,0.5360824742268041,104.0,31.0,
