project,bugsDetected,totalBugs,percentBugsDetected,reportsSubmit,totalReports,percentReportsSubmit,percentSavedEffort,F1,E1,optimalReportsSubmit,differenceWithOptimal
213-416-bug经常直播内测版测试_1470654528.csv,50.0,51.0,0.9803921568627451,405.0,416.0,0.9735576923076923,0.02644230769230771,0.0514957164926736,0.0514957164926736,204.0,201.0,
72-213-花友测试_1463737504.csv,26.0,26.0,1.0,189.0,213.0,0.8873239436619719,0.11267605633802813,0.20253164556962022,0.20253164556962022,104.0,85.0,
