project,bugsDetected,totalBugs,percentBugsDetected,reportsSubmit,totalReports,percentReportsSubmit,percentSavedEffort,F1,E1,optimalReportsSubmit,differenceWithOptimal
213-416-bug经常直播内测版测试_1470654528.csv,51.0,51.0,1.0,405.0,416.0,0.9735576923076923,0.02644230769230771,0.05152224824355975,0.05152224824355975,204.0,201.0,
72-213-花友测试_1463737504.csv,26.0,26.0,1.0,150.0,213.0,0.704225352112676,0.295774647887324,0.45652173913043487,0.45652173913043487,104.0,46.0,
