project,bugsDetected,totalBugs,percentBugsDetected,reportsSubmit,totalReports,percentReportsSubmit,percentSavedEffort,F1,E1,optimalReportsSubmit,differenceWithOptimal
213-416-bug经常直播内测版测试_1470654528.csv,51.0,51.0,1.0,308.0,416.0,0.7403846153846154,0.2596153846153846,0.41221374045801523,0.41221374045801523,204.0,104.0,
72-213-花友测试_1463737504.csv,26.0,26.0,1.0,133.0,213.0,0.6244131455399061,0.3755868544600939,0.546075085324232,0.546075085324232,104.0,29.0,
