project,bugsDetected,totalBugs,percentBugsDetected,reportsSubmit,totalReports,percentReportsSubmit,percentSavedEffort,F1,E1,optimalReportsSubmit,differenceWithOptimal
213-416-bug经常直播内测版测试_1470654528.csv,2.0,51.0,0.0392156862745098,16.0,416.0,0.038461538461538464,0.9615384615384616,0.07535795026375282,0.07535795026375282,204.0,-188.0,
72-213-花友测试_1463737504.csv,23.0,26.0,0.8846153846153846,88.0,213.0,0.4131455399061033,0.5868544600938967,0.7056080500674929,0.7056080500674929,104.0,-16.0,
