project,bugsDetected,totalBugs,percentBugsDetected,reportsSubmit,totalReports,percentReportsSubmit,percentSavedEffort,F1,E1,optimalReportsSubmit,differenceWithOptimal
213-416-bug经常直播内测版测试_1470654528.csv,50.0,51.0,0.9803921568627451,320.0,416.0,0.7692307692307693,0.23076923076923073,0.37359900373599,0.37359900373599,204.0,116.0,
72-213-花友测试_1463737504.csv,26.0,26.0,1.0,192.0,213.0,0.9014084507042254,0.09859154929577463,0.17948717948717946,0.17948717948717946,104.0,88.0,
