project,bugsDetected,totalBugs,percentBugsDetected,reportsSubmit,totalReports,percentReportsSubmit,percentSavedEffort,F1,E1,optimalReportsSubmit,differenceWithOptimal
213-416-bug经常直播内测版测试_1470654528.csv,51.0,51.0,1.0,399.0,416.0,0.9591346153846154,0.04086538461538458,0.07852193995381056,0.07852193995381056,204.0,195.0,
72-213-花友测试_1463737504.csv,26.0,26.0,1.0,147.0,213.0,0.6901408450704225,0.3098591549295775,0.4731182795698925,0.4731182795698925,104.0,43.0,
