project,bugsDetected,totalBugs,percentBugsDetected,reportsSubmit,totalReports,percentReportsSubmit,percentSavedEffort,F1,E1,optimalReportsSubmit,differenceWithOptimal
213-416-bug经常直播内测版测试_1470654528.csv,51.0,51.0,1.0,403.0,416.0,0.96875,0.03125,0.06060606060606061,0.06060606060606061,204.0,199.0,
72-213-花友测试_1463737504.csv,26.0,26.0,1.0,143.0,213.0,0.6713615023474179,0.32863849765258213,0.49469964664310956,0.49469964664310956,104.0,39.0,
