project,bugsDetected,totalBugs,percentBugsDetected,reportsSubmit,totalReports,percentReportsSubmit,percentSavedEffort,F1,E1,optimalReportsSubmit,differenceWithOptimal
213-416-bug经常直播内测版测试_1470654528.csv,51.0,51.0,1.0,408.0,416.0,0.9807692307692307,0.019230769230769273,0.03773584905660386,0.03773584905660386,204.0,204.0,
72-213-花友测试_1463737504.csv,26.0,26.0,1.0,136.0,213.0,0.6384976525821596,0.3615023474178404,0.5310344827586206,0.5310344827586206,104.0,32.0,
