project,bugsDetected,totalBugs,percentBugsDetected,reportsSubmit,totalReports,percentReportsSubmit,percentSavedEffort,F1,E1,optimalReportsSubmit,differenceWithOptimal
213-416-bug经常直播内测版测试_1470654528.csv,51.0,51.0,1.0,390.0,416.0,0.9375,0.0625,0.11764705882352941,0.11764705882352941,204.0,186.0,
72-213-花友测试_1463737504.csv,26.0,26.0,1.0,208.0,213.0,0.9765258215962441,0.023474178403755874,0.045871559633027525,0.045871559633027525,104.0,104.0,
