project,bugsDetected,totalBugs,percentBugsDetected,reportsSubmit,totalReports,percentReportsSubmit,percentSavedEffort,F1,E1,optimalReportsSubmit,differenceWithOptimal
213-416-bug经常直播内测版测试_1470654528.csv,51.0,51.0,1.0,414.0,416.0,0.9951923076923077,0.004807692307692291,0.009569377990430589,0.009569377990430589,204.0,210.0,
72-213-花友测试_1463737504.csv,25.0,26.0,0.9615384615384616,144.0,213.0,0.676056338028169,0.323943661971831,0.48461862621154655,0.48461862621154655,104.0,40.0,
