project,bugsDetected,totalBugs,percentBugsDetected,reportsSubmit,totalReports,percentReportsSubmit,percentSavedEffort,F1,E1,optimalReportsSubmit,differenceWithOptimal
213-416-bug经常直播内测版测试_1470654528.csv,3.0,51.0,0.058823529411764705,20.0,416.0,0.04807692307692308,0.9519230769230769,0.11080022383883603,0.11080022383883603,204.0,-184.0,
72-213-花友测试_1463737504.csv,24.0,26.0,0.9230769230769231,100.0,213.0,0.4694835680751174,0.5305164319248826,0.6737888198757764,0.6737888198757764,104.0,-4.0,
