project,bugsDetected,totalBugs,percentBugsDetected,reportsSubmit,totalReports,percentReportsSubmit,percentSavedEffort,F1,E1,optimalReportsSubmit,differenceWithOptimal
213-416-bug经常直播内测版测试_1470654528.csv,50.0,51.0,0.9803921568627451,330.0,416.0,0.7932692307692307,0.20673076923076927,0.34145954101484954,0.34145954101484954,204.0,126.0,
72-213-花友测试_1463737504.csv,26.0,26.0,1.0,210.0,213.0,0.9859154929577465,0.014084507042253502,0.02777777777777774,0.02777777777777774,104.0,106.0,
