project,bugsDetected,totalBugs,percentBugsDetected,reportsSubmit,totalReports,percentReportsSubmit,percentSavedEffort,F1,E1,optimalReportsSubmit,differenceWithOptimal
213-416-bug经常直播内测版测试_1470654528.csv,50.0,51.0,0.9803921568627451,341.0,416.0,0.8197115384615384,0.18028846153846156,0.30456852791878175,0.30456852791878175,204.0,137.0,
72-213-花友测试_1463737504.csv,26.0,26.0,1.0,186.0,213.0,0.8732394366197183,0.12676056338028174,0.2250000000000001,0.2250000000000001,104.0,82.0,
