project,bugsDetected,totalBugs,percentBugsDetected,reportsSubmit,totalReports,percentReportsSubmit,percentSavedEffort,F1,E1,optimalReportsSubmit,differenceWithOptimal
213-416-bug经常直播内测版测试_1470654528.csv,50.0,51.0,0.9803921568627451,392.0,416.0,0.9423076923076923,0.05769230769230771,0.10897203051216858,0.10897203051216858,204.0,188.0,
72-213-花友测试_1463737504.csv,25.0,26.0,0.9615384615384616,140.0,213.0,0.6572769953051644,0.34272300469483563,0.5053301952097465,0.5053301952097465,104.0,36.0,
