project,bugsDetected,totalBugs,percentBugsDetected,reportsSubmit,totalReports,percentReportsSubmit,percentSavedEffort,F1,E1,optimalReportsSubmit,differenceWithOptimal
213-416-bug经常直播内测版测试_1470654528.csv,51.0,51.0,1.0,396.0,416.0,0.9519230769230769,0.04807692307692313,0.09174311926605513,0.09174311926605513,204.0,192.0,
72-213-花友测试_1463737504.csv,26.0,26.0,1.0,176.0,213.0,0.8262910798122066,0.17370892018779338,0.29599999999999993,0.29599999999999993,104.0,72.0,
