project,bugsDetected,totalBugs,percentBugsDetected,reportsSubmit,totalReports,percentReportsSubmit,percentSavedEffort,F1,E1,optimalReportsSubmit,differenceWithOptimal
213-416-bug经常直播内测版测试_1470654528.csv,51.0,51.0,1.0,399.0,416.0,0.9591346153846154,0.04086538461538458,0.07852193995381056,0.07852193995381056,204.0,195.0,
72-213-花友测试_1463737504.csv,26.0,26.0,1.0,133.0,213.0,0.6244131455399061,0.3755868544600939,0.546075085324232,0.546075085324232,104.0,29.0,
