project,bugsDetected,totalBugs,percentBugsDetected,reportsSubmit,totalReports,percentReportsSubmit,percentSavedEffort,F1,E1,optimalReportsSubmit,differenceWithOptimal
1-284-百度手机卫士功能体验_1463737109.csv,29.0,36.0,0.8055555555555556,88.0,284.0,0.30985915492957744,0.6901408450704225,0.7433952393408317,0.7433952393408317,178.0,-90.0,
146-252-鸟人测试_1463737707.csv,14.0,31.0,0.45161290322580644,40.0,252.0,0.15873015873015872,0.8412698412698413,0.5877227722772277,0.5877227722772277,196.0,-156.0,
2-471-百度浏览器T7尝鲜体验_1463737142.csv,31.0,58.0,0.5344827586206896,80.0,471.0,0.16985138004246284,0.8301486199575372,0.6502856836288528,0.6502856836288528,397.0,-317.0,
202-432-无线襄阳测试_1463737927.csv,16.0,54.0,0.2962962962962963,32.0,432.0,0.07407407407407407,0.9259259259259259,0.44893378226711556,0.44893378226711556,270.0,-238.0,
213-416-bug经常直播内测版测试_1470654528.csv,30.0,51.0,0.5882352941176471,72.0,416.0,0.17307692307692307,0.8269230769230769,0.6874500399680257,0.6874500399680257,204.0,-132.0,
217-288-bug大帮汇测试_1470654530.csv,26.0,36.0,0.7222222222222222,72.0,288.0,0.25,0.75,0.7358490566037735,0.7358490566037735,233.0,-161.0,
223-395-bug喜马拉雅FM测试_1470654512.csv,14.0,42.0,0.3333333333333333,32.0,395.0,0.0810126582278481,0.9189873417721519,0.48921832884097033,0.48921832884097033,305.0,-273.0,
307-137-UONE_1463738088.csv,12.0,18.0,0.6666666666666666,56.0,137.0,0.40875912408759124,0.5912408759124088,0.6266924564796906,0.6266924564796906,117.0,-61.0,
327-239-动起来测试_1463738068.csv,4.0,29.0,0.13793103448275862,24.0,239.0,0.100418410041841,0.899581589958159,0.23918787373105269,0.23918787373105269,214.0,-190.0,
